nome,cpf,idade,data,endereco,bairro,estado
Sr. Vitor Gabriel Silva,640.***.***-01,,,Endereço inválido,Desconhecido,Desconhecido
Calebe Santos,651.***.***-46,,,Endereço inválido,Desconhecido,Desconhecido
Arthur Da Rosa,085.***.***-30,,,Endereço inválido,Desconhecido,Desconhecido
Juan Pereira,520.***.***-21,,,Endereço inválido,Desconhecido,Desconhecido
Dra. Ana Laura Ribeiro,210.***.***-20,,,Endereço inválido,Desconhecido,Desconhecido
Maria Clara Araújo,960.***.***-80,,,Endereço inválido,Desconhecido,Desconhecido
Vitória Oliveira,302.***.***-83,,,Endereço inválido,Desconhecido,Desconhecido
Benjamin Oliveira,451.***.***-84,,,Endereço inválido,Desconhecido,Desconhecido
Pietro Barros,843.***.***-50,,,Endereço inválido,Desconhecido,Desconhecido
Samuel Cavalcanti,520.***.***-01,,,Endereço inválido,Desconhecido,Desconhecido
Ian Da Costa,384.***.***-78,,,Endereço inválido,Desconhecido,Desconhecido
Dr. Emanuel Costa,736.***.***-19,,,Endereço inválido,Desconhecido,Desconhecido
Larissa Da Cruz,128.***.***-60,,,Endereço inválido,Desconhecido,Desconhecido
Diogo Carvalho,078.***.***-97,,,Endereço inválido,Desconhecido,Desconhecido
Sr. Anthony Almeida,305.***.***-60,,,Endereço inválido,Desconhecido,Desconhecido
Clara Martins,397.***.***-86,,,Endereço inválido,Desconhecido,Desconhecido
Dr. Luiz Felipe Cardoso,374.***.***-20,,,Endereço inválido,Desconhecido,Desconhecido
Sr. Calebe Lopes,135.***.***-77,,,Endereço inválido,Desconhecido,Desconhecido
Miguel Monteiro,097.***.***-41,,,Endereço inválido,Desconhecido,Desconhecido
Srta. Catarina Da Mata,468.***.***-57,,,Endereço inválido,Desconhecido,Desconhecido
João Gabriel Araújo,625.***.***-25,,,Endereço inválido,Desconhecido,Desconhecido
Sr. Nicolas Azevedo,036.***.***-33,,,Endereço inválido,Desconhecido,Desconhecido
Kamilly Caldeira,508.***.***-47,,,Endereço inválido,Desconhecido,Desconhecido
Renan Araújo,186.***.***-57,,,Endereço inválido,Desconhecido,Desconhecido
Vicente Nascimento,054.***.***-32,,,Endereço inválido,Desconhecido,Desconhecido
Isaac Rocha,873.***.***-69,,,Endereço inválido,Desconhecido,Desconhecido
Julia Das Neves,819.***.***-05,,,Endereço inválido,Desconhecido,Desconhecido
Breno Rodrigues,196.***.***-34,,,Endereço inválido,Desconhecido,Desconhecido
Isabel Nogueira,968.***.***-65,,,Endereço inválido,Desconhecido,Desconhecido
Anthony Araújo,208.***.***-26,,,Endereço inválido,Desconhecido,Desconhecido
Sra. Marina Da Cunha,067.***.***-95,,,Endereço inválido,Desconhecido,Desconhecido
Helena Cardoso,853.***.***-39,,,Endereço inválido,Desconhecido,Desconhecido
Luigi Nunes,593.***.***-24,,,Endereço inválido,Desconhecido,Desconhecido
Srta. Raquel Da Costa,278.***.***-09,,,Endereço inválido,Desconhecido,Desconhecido
Sra. Ana Vitória Oliveira,120.***.***-17,,,Endereço inválido,Desconhecido,Desconhecido
Luiza Campos,974.***.***-03,,,Endereço inválido,Desconhecido,Desconhecido
Lucca Da Paz,526.***.***-95,,,Endereço inválido,Desconhecido,Desconhecido
Nathan Da Rosa,907.***.***-25,,,Endereço inválido,Desconhecido,Desconhecido
Lívia Silveira,804.***.***-85,,,Endereço inválido,Desconhecido,Desconhecido
Isabel Cavalcanti,492.***.***-04,,,Endereço inválido,Desconhecido,Desconhecido
Rafael Nunes,285.***.***-76,,,Endereço inválido,Desconhecido,Desconhecido
Elisa Fogaça,572.***.***-92,,,Endereço inválido,Desconhecido,Desconhecido
Agatha Ramos,948.***.***-85,,,Endereço inválido,Desconhecido,Desconhecido
Kamilly Rocha,946.***.***-48,,,Endereço inválido,Desconhecido,Desconhecido
Antônio Das Neves,435.***.***-82,,,Endereço inválido,Desconhecido,Desconhecido
Luiz Gustavo Alves,198.***.***-10,,,Endereço inválido,Desconhecido,Desconhecido
Emanuella Fernandes,097.***.***-96,,,Endereço inválido,Desconhecido,Desconhecido
Srta. Ana Beatriz Farias,431.***.***-39,,,Endereço inválido,Desconhecido,Desconhecido
Yago Monteiro,865.***.***-00,,,Endereço inválido,Desconhecido,Desconhecido
Yasmin Gonçalves,017.***.***-14,,,Endereço inválido,Desconhecido,Desconhecido
Bruna Nascimento,132.***.***-52,,,Endereço inválido,Desconhecido,Desconhecido
Davi Luiz Nogueira,873.***.***-50,,,Endereço inválido,Desconhecido,Desconhecido
Ian Monteiro,324.***.***-91,,,Endereço inválido,Desconhecido,Desconhecido
Srta. Helena Silva,905.***.***-01,,,Endereço inválido,Desconhecido,Desconhecido
Bárbara Novaes,038.***.***-15,,,Endereço inválido,Desconhecido,Desconhecido
Sr. Pedro Lucas Costela,534.***.***-00,,,Endereço inválido,Desconhecido,Desconhecido
Rafael Jesus,673.***.***-80,,,Endereço inválido,Desconhecido,Desconhecido
Sra. Alícia Caldeira,051.***.***-70,,,Endereço inválido,Desconhecido,Desconhecido
Danilo Martins,760.***.***-39,,,Endereço inválido,Desconhecido,Desconhecido
Sr. Gabriel Da Rosa,530.***.***-53,,,Endereço inválido,Desconhecido,Desconhecido
Augusto Teixeira,412.***.***-16,,,Endereço inválido,Desconhecido,Desconhecido
Ana Julia Da Rosa,630.***.***-65,,,Endereço inválido,Desconhecido,Desconhecido
Lucca Barbosa,836.***.***-77,,,Endereço inválido,Desconhecido,Desconhecido
Amanda Da Costa,268.***.***-29,,,Endereço inválido,Desconhecido,Desconhecido
Dr. Francisco Cardoso,430.***.***-50,,,Endereço inválido,Desconhecido,Desconhecido
Lorena Farias,268.***.***-82,,,Endereço inválido,Desconhecido,Desconhecido
Anthony Da Costa,935.***.***-97,,,Endereço inválido,Desconhecido,Desconhecido
Cauã Rodrigues,107.***.***-87,,,Endereço inválido,Desconhecido,Desconhecido
Anthony Barbosa,631.***.***-00,,,Endereço inválido,Desconhecido,Desconhecido
Ana Julia Almeida,179.***.***-09,,,Endereço inválido,Desconhecido,Desconhecido
Milena Barros,314.***.***-51,,,Endereço inválido,Desconhecido,Desconhecido
Murilo Gomes,759.***.***-93,,,Endereço inválido,Desconhecido,Desconhecido
Daniel Barbosa,812.***.***-98,,,Endereço inválido,Desconhecido,Desconhecido
Dr. Samuel Cardoso,039.***.***-96,,,Endereço inválido,Desconhecido,Desconhecido
Ana Laura Sales,863.***.***-22,,,Endereço inválido,Desconhecido,Desconhecido
Mariana Cunha,492.***.***-25,,,Endereço inválido,Desconhecido,Desconhecido
Sr. João Guilherme Cavalcanti,347.***.***-70,,,Endereço inválido,Desconhecido,Desconhecido
Kamilly Rocha,365.***.***-10,,,Endereço inválido,Desconhecido,Desconhecido
Gabriel Nunes,940.***.***-04,,,Endereço inválido,Desconhecido,Desconhecido
Rafael Correia,579.***.***-05,,,Endereço inválido,Desconhecido,Desconhecido
Ana Lívia Barbosa,925.***.***-60,,,Endereço inválido,Desconhecido,Desconhecido
Maitê Teixeira,694.***.***-39,,,Endereço inválido,Desconhecido,Desconhecido
Carlos Eduardo Santos,937.***.***-37,,,Endereço inválido,Desconhecido,Desconhecido
Enzo Gabriel Araújo,349.***.***-96,,,Endereço inválido,Desconhecido,Desconhecido
Breno Moreira,184.***.***-49,,,Endereço inválido,Desconhecido,Desconhecido
Julia Lopes,106.***.***-31,,,Endereço inválido,Desconhecido,Desconhecido
André Lima,645.***.***-70,,,Endereço inválido,Desconhecido,Desconhecido
João Gabriel Barbosa,190.***.***-67,,,Endereço inválido,Desconhecido,Desconhecido
,438.***.***-56,,,Endereço inválido,Desconhecido,Desconhecido
João Felipe Oliveira,830.***.***-00,,,Endereço inválido,Desconhecido,Desconhecido
Samuel Vieira,218.***.***-53,,,Endereço inválido,Desconhecido,Desconhecido
Lucca Ferreira,237.***.***-19,,,Endereço inválido,Desconhecido,Desconhecido
Samuel Castro,582.***.***-70,,,Endereço inválido,Desconhecido,Desconhecido
Maria Vitória Teixeira,426.***.***-25,,,Endereço inválido,Desconhecido,Desconhecido
Maria Fernanda Farias,907.***.***-20,,,Endereço inválido,Desconhecido,Desconhecido
Fernanda Sales,879.***.***-32,,,Endereço inválido,Desconhecido,Desconhecido
Srta. Eduarda Nogueira,602.***.***-07,,,Endereço inválido,Desconhecido,Desconhecido
Maitê Ferreira,016.***.***-99,,,Endereço inválido,Desconhecido,Desconhecido
Catarina Pires,079.***.***-11,,,Endereço inválido,Desconhecido,Desconhecido
Manuela Da Rocha,839.***.***-57,,,Endereço inválido,Desconhecido,Desconhecido
Nina Moura,604.***.***-25,,,Endereço inválido,Desconhecido,Desconhecido
Pedro Henrique Vieira,526.***.***-03,,,Endereço inválido,Desconhecido,Desconhecido
Ana Clara Cunha,862.***.***-02,,,Endereço inválido,Desconhecido,Desconhecido
Pietra Santos,508.***.***-67,,,Endereço inválido,Desconhecido,Desconhecido
Sr. Theo Da Conceição,284.***.***-14,,,Endereço inválido,Desconhecido,Desconhecido
Vinicius Da Costa,023.***.***-16,,,Endereço inválido,Desconhecido,Desconhecido
Pedro Henrique Cunha,519.***.***-93,,,Endereço inválido,Desconhecido,Desconhecido
Davi Nogueira,564.***.***-11,,,Endereço inválido,Desconhecido,Desconhecido
Luiz Fernando Da Paz,409.***.***-11,,,Endereço inválido,Desconhecido,Desconhecido
Srta. Letícia Rocha,137.***.***-32,,,Endereço inválido,Desconhecido,Desconhecido
João Nogueira,367.***.***-10,,,Endereço inválido,Desconhecido,Desconhecido
João Gabriel Cardoso,962.***.***-34,,,Endereço inválido,Desconhecido,Desconhecido
Ryan Ribeiro,409.***.***-48,,,Endereço inválido,Desconhecido,Desconhecido
Olivia Das Neves,314.***.***-55,,,Endereço inválido,Desconhecido,Desconhecido
Sr. Luiz Miguel Pinto,942.***.***-76,,,Endereço inválido,Desconhecido,Desconhecido
Elisa Teixeira,217.***.***-73,,,Endereço inválido,Desconhecido,Desconhecido
Pedro Miguel Das Neves,523.***.***-03,,,Endereço inválido,Desconhecido,Desconhecido
Maria Luiza Azevedo,064.***.***-47,,,Endereço inválido,Desconhecido,Desconhecido
Lorenzo Silva,642.***.***-13,,,Endereço inválido,Desconhecido,Desconhecido
Bianca Souza,673.***.***-40,,,Endereço inválido,Desconhecido,Desconhecido
Vitor Azevedo,643.***.***-20,,,Endereço inválido,Desconhecido,Desconhecido
Enzo Gabriel Lima,187.***.***-94,,,Endereço inválido,Desconhecido,Desconhecido
Eduarda Cunha,093.***.***-32,,,Endereço inválido,Desconhecido,Desconhecido
Sra. Nicole Da Rocha,367.***.***-03,,,Endereço inválido,Desconhecido,Desconhecido
Ana Clara Santos,430.***.***-04,,,Endereço inválido,Desconhecido,Desconhecido
Enzo Gabriel Castro,694.***.***-65,,,Endereço inválido,Desconhecido,Desconhecido
Nicole Ferreira,701.***.***-22,,,Endereço inválido,Desconhecido,Desconhecido
Erick Sales,498.***.***-48,,,Endereço inválido,Desconhecido,Desconhecido
Anthony Barros,742.***.***-07,,,Endereço inválido,Desconhecido,Desconhecido
Renan Da Rocha,986.***.***-10,,,Endereço inválido,Desconhecido,Desconhecido
Marcela Santos,843.***.***-42,,,Endereço inválido,Desconhecido,Desconhecido
Carolina Melo,970.***.***-05,,,Endereço inválido,Desconhecido,Desconhecido
Lavínia Rezende,946.***.***-70,,,Endereço inválido,Desconhecido,Desconhecido
Srta. Julia Porto,502.***.***-61,,,Endereço inválido,Desconhecido,Desconhecido
Alana Cardoso,572.***.***-41,,,Endereço inválido,Desconhecido,Desconhecido
Davi Lucas Cardoso,805.***.***-83,,,Endereço inválido,Desconhecido,Desconhecido
Raul Santos,315.***.***-03,,,Endereço inválido,Desconhecido,Desconhecido
Igor Melo,261.***.***-17,,,Endereço inválido,Desconhecido,Desconhecido
Joaquim Da Costa,274.***.***-56,,,Endereço inválido,Desconhecido,Desconhecido
João Felipe Farias,936.***.***-01,,,Endereço inválido,Desconhecido,Desconhecido
Manuela Almeida,647.***.***-30,,,Endereço inválido,Desconhecido,Desconhecido
Ryan Rocha,248.***.***-51,,,Endereço inválido,Desconhecido,Desconhecido
Luna Da Conceição,935.***.***-91,,,Endereço inválido,Desconhecido,Desconhecido
Manuela Silva,591.***.***-73,,,Endereço inválido,Desconhecido,Desconhecido
Maria Vitória Das Neves,761.***.***-34,,,Endereço inválido,Desconhecido,Desconhecido
Marcela Cunha,904.***.***-32,,,Endereço inválido,Desconhecido,Desconhecido
Bryan Souza,593.***.***-00,,,Endereço inválido,Desconhecido,Desconhecido
Kevin Cavalcanti,658.***.***-01,,,Endereço inválido,Desconhecido,Desconhecido
Sr. João Gabriel Martins,794.***.***-85,,,Endereço inválido,Desconhecido,Desconhecido
Gabriela Da Mata,746.***.***-90,,,Endereço inválido,Desconhecido,Desconhecido
Srta. Júlia Fernandes,650.***.***-98,,,Endereço inválido,Desconhecido,Desconhecido
Bárbara Silveira,386.***.***-04,,,Endereço inválido,Desconhecido,Desconhecido
Vinicius Jesus,549.***.***-91,,,Endereço inválido,Desconhecido,Desconhecido
Srta. Alice Pires,536.***.***-56,,,Endereço inválido,Desconhecido,Desconhecido
Lara Ferreira,698.***.***-75,,,Endereço inválido,Desconhecido,Desconhecido
Felipe Freitas,863.***.***-01,,,Endereço inválido,Desconhecido,Desconhecido
Maysa Pires,852.***.***-11,,,Endereço inválido,Desconhecido,Desconhecido
Letícia Da Mata,308.***.***-31,,,Endereço inválido,Desconhecido,Desconhecido
Luigi Cunha,623.***.***-34,,,Endereço inválido,Desconhecido,Desconhecido
Lucas Gabriel Gomes,120.***.***-40,,,Endereço inválido,Desconhecido,Desconhecido
Emanuelly Costela,152.***.***-97,,,Endereço inválido,Desconhecido,Desconhecido
Calebe Nascimento,631.***.***-87,,,Endereço inválido,Desconhecido,Desconhecido
Juan Pires,139.***.***-46,,,Endereço inválido,Desconhecido,Desconhecido
Lívia Costa,582.***.***-50,,,Endereço inválido,Desconhecido,Desconhecido
Davi Lucas Nunes,679.***.***-03,,,Endereço inválido,Desconhecido,Desconhecido
Dr. Lucca Oliveira,806.***.***-75,,,Endereço inválido,Desconhecido,Desconhecido
Eduardo Monteiro,037.***.***-65,,,Endereço inválido,Desconhecido,Desconhecido
Diogo Moraes,571.***.***-52,,,Endereço inválido,Desconhecido,Desconhecido
Felipe Freitas,657.***.***-57,,,Endereço inválido,Desconhecido,Desconhecido
Ryan Peixoto,830.***.***-98,,,Endereço inválido,Desconhecido,Desconhecido
Otávio Pires,526.***.***-01,,,Endereço inválido,Desconhecido,Desconhecido
Thiago Moreira,023.***.***-03,,,Endereço inválido,Desconhecido,Desconhecido
Pietro Lopes,428.***.***-19,,,Endereço inválido,Desconhecido,Desconhecido
Gabriela Gomes,317.***.***-50,,,Endereço inválido,Desconhecido,Desconhecido
João Miguel Viana,183.***.***-77,,,Endereço inválido,Desconhecido,Desconhecido
Sr. Luiz Henrique Nunes,031.***.***-77,,,Endereço inválido,Desconhecido,Desconhecido
Srta. Ana Sophia Viana,937.***.***-68,,,Endereço inválido,Desconhecido,Desconhecido
Sr. Marcelo Aragão,418.***.***-40,,,Endereço inválido,Desconhecido,Desconhecido
Enzo Gabriel Da Mota,018.***.***-24,,,Endereço inválido,Desconhecido,Desconhecido
Benjamin Da Rosa,195.***.***-86,,,Endereço inválido,Desconhecido,Desconhecido
Ana Rezende,316.***.***-64,,,Endereço inválido,Desconhecido,Desconhecido
Dr. Thomas Dias,267.***.***-03,,,Endereço inválido,Desconhecido,Desconhecido
Breno Ribeiro,803.***.***-78,,,Endereço inválido,Desconhecido,Desconhecido
Lucas Gabriel Novaes,856.***.***-11,,,Endereço inválido,Desconhecido,Desconhecido
Vicente Rodrigues,328.***.***-79,,,Endereço inválido,Desconhecido,Desconhecido
João Lucas Vieira,985.***.***-05,,,Endereço inválido,Desconhecido,Desconhecido
Dr. Luiz Henrique Freitas,951.***.***-88,,,Endereço inválido,Desconhecido,Desconhecido
Dra. Luiza Da Conceição,189.***.***-33,,,Endereço inválido,Desconhecido,Desconhecido
Benjamin Cavalcanti,317.***.***-41,,,Endereço inválido,Desconhecido,Desconhecido
Murilo Mendes,653.***.***-17,,,Endereço inválido,Desconhecido,Desconhecido
Dr. Renan Rezende,609.***.***-38,,,Endereço inválido,Desconhecido,Desconhecido
Maysa Porto,081.***.***-84,,,Endereço inválido,Desconhecido,Desconhecido
Pedro Lucas Pereira,873.***.***-35,,,Endereço inválido,Desconhecido,Desconhecido
Isadora Nogueira,480.***.***-05,,,Endereço inválido,Desconhecido,Desconhecido
Gabriel Ramos,591.***.***-05,,,Endereço inválido,Desconhecido,Desconhecido
Yago Ferreira,531.***.***-00,,,Endereço inválido,Desconhecido,Desconhecido
Samuel Da Mata,521.***.***-11,,,Endereço inválido,Desconhecido,Desconhecido
Dr. Rafael Souza,436.***.***-07,,,Endereço inválido,Desconhecido,Desconhecido
Vitor Hugo Lima,450.***.***-80,,,Endereço inválido,Desconhecido,Desconhecido
Dr. Bernardo Da Cruz,230.***.***-50,,,Endereço inválido,Desconhecido,Desconhecido
Caio Da Cunha,926.***.***-00,,,Endereço inválido,Desconhecido,Desconhecido
Stephany Duarte,642.***.***-46,,,Endereço inválido,Desconhecido,Desconhecido
Kevin Da Conceição,074.***.***-94,,,Endereço inválido,Desconhecido,Desconhecido
Srta. Giovanna Aragão,142.***.***-17,,,Endereço inválido,Desconhecido,Desconhecido
Pedro Henrique Pinto,653.***.***-37,,,Endereço inválido,Desconhecido,Desconhecido
Joaquim Da Cruz,532.***.***-41,,,Endereço inválido,Desconhecido,Desconhecido
Leandro Souza,560.***.***-86,,,Endereço inválido,Desconhecido,Desconhecido
Beatriz Aragão,805.***.***-04,,,Endereço inválido,Desconhecido,Desconhecido
Carlos Eduardo Teixeira,546.***.***-98,,,Endereço inválido,Desconhecido,Desconhecido
Joana Da Rocha,915.***.***-33,,,Endereço inválido,Desconhecido,Desconhecido
Lucas Gabriel Da Luz,203.***.***-70,,,Endereço inválido,Desconhecido,Desconhecido
Davi Lucas Da Costa,502.***.***-52,,,Endereço inválido,Desconhecido,Desconhecido
Henrique Da Rocha,713.***.***-44,,,Endereço inválido,Desconhecido,Desconhecido
Lorena Fernandes,574.***.***-93,,,Endereço inválido,Desconhecido,Desconhecido
Nathan Nogueira,837.***.***-56,,,Endereço inválido,Desconhecido,Desconhecido
Srta. Maysa Rezende,726.***.***-55,,,Endereço inválido,Desconhecido,Desconhecido
Erick Santos,680.***.***-67,,,Endereço inválido,Desconhecido,Desconhecido
Agatha Sales,983.***.***-30,,,Endereço inválido,Desconhecido,Desconhecido
Ana Beatriz Moreira,637.***.***-66,,,Endereço inválido,Desconhecido,Desconhecido
Antônio Da Rocha,943.***.***-23,,,Endereço inválido,Desconhecido,Desconhecido
Dra. Vitória Viana,813.***.***-24,,,Endereço inválido,Desconhecido,Desconhecido
Enzo Monteiro,534.***.***-04,,,Endereço inválido,Desconhecido,Desconhecido
Bernardo Santos,045.***.***-29,,,Endereço inválido,Desconhecido,Desconhecido
Guilherme Cunha,237.***.***-02,,,Endereço inválido,Desconhecido,Desconhecido
Raul Rodrigues,193.***.***-33,,,Endereço inválido,Desconhecido,Desconhecido
Pietra Lima,591.***.***-39,,,Endereço inválido,Desconhecido,Desconhecido
Camila Barbosa,560.***.***-59,,,Endereço inválido,Desconhecido,Desconhecido
Kaique Almeida,078.***.***-02,,,Endereço inválido,Desconhecido,Desconhecido
Antônio Porto,015.***.***-60,,,Endereço inválido,Desconhecido,Desconhecido
Alana Rezende,216.***.***-60,,,Endereço inválido,Desconhecido,Desconhecido
Vitor Almeida,134.***.***-00,,,Endereço inválido,Desconhecido,Desconhecido
Isabelly Da Mota,709.***.***-48,,,Endereço inválido,Desconhecido,Desconhecido
Isis Oliveira,893.***.***-87,,,Endereço inválido,Desconhecido,Desconhecido
Carolina Gomes,845.***.***-28,,,Endereço inválido,Desconhecido,Desconhecido
Srta. Natália Rodrigues,548.***.***-88,,,Endereço inválido,Desconhecido,Desconhecido
Fernando Ramos,032.***.***-38,,,Endereço inválido,Desconhecido,Desconhecido
Gabriela Da Cruz,109.***.***-77,,,Endereço inválido,Desconhecido,Desconhecido
Noah Cavalcanti,273.***.***-60,,,Endereço inválido,Desconhecido,Desconhecido
Clara Moreira,079.***.***-05,,,Endereço inválido,Desconhecido,Desconhecido
Laura Araújo,134.***.***-25,,,Endereço inválido,Desconhecido,Desconhecido
Dr. Luiz Otávio Sales,472.***.***-60,,,Endereço inválido,Desconhecido,Desconhecido
Emilly Da Mata,839.***.***-83,,,Endereço inválido,Desconhecido,Desconhecido
Kevin Rodrigues,086.***.***-50,,,Endereço inválido,Desconhecido,Desconhecido
Davi Pereira,209.***.***-89,,,Endereço inválido,Desconhecido,Desconhecido
Thomas Silva,891.***.***-89,,,Endereço inválido,Desconhecido,Desconhecido
Ana Lívia Da Cruz,135.***.***-84,,,Endereço inválido,Desconhecido,Desconhecido
Sr. Vicente Silveira,318.***.***-57,,,Endereço inválido,Desconhecido,Desconhecido
Sophie Caldeira,403.***.***-17,,,Endereço inválido,Desconhecido,Desconhecido
Gabriel Costa,930.***.***-34,,,Endereço inválido,Desconhecido,Desconhecido
Ana Carolina Costa,680.***.***-80,,,Endereço inválido,Desconhecido,Desconhecido
Maitê Fogaça,543.***.***-57,,,Endereço inválido,Desconhecido,Desconhecido
Bruna Caldeira,259.***.***-03,,,Endereço inválido,Desconhecido,Desconhecido
Caroline Moura,593.***.***-25,,,Endereço inválido,Desconhecido,Desconhecido
Sra. Ana Júlia Pires,561.***.***-06,,,Endereço inválido,Desconhecido,Desconhecido
Dra. Larissa Fernandes,503.***.***-51,,,Endereço inválido,Desconhecido,Desconhecido
Rodrigo Da Luz,416.***.***-61,,,Endereço inválido,Desconhecido,Desconhecido
Carlos Eduardo Barros,730.***.***-70,,,Endereço inválido,Desconhecido,Desconhecido
Ana Laura Silva,047.***.***-66,,,Endereço inválido,Desconhecido,Desconhecido
Maitê Nogueira,517.***.***-06,,,Endereço inválido,Desconhecido,Desconhecido
Ana Laura Da Luz,681.***.***-90,,,Endereço inválido,Desconhecido,Desconhecido
Sra. Brenda Viana,154.***.***-01,,,Endereço inválido,Desconhecido,Desconhecido
Augusto Teixeira,360.***.***-47,,,Endereço inválido,Desconhecido,Desconhecido
Dr. Francisco Lima,318.***.***-70,,,Endereço inválido,Desconhecido,Desconhecido
Isaac Da Luz,293.***.***-83,,,Endereço inválido,Desconhecido,Desconhecido
Calebe Jesus,068.***.***-00,,,Endereço inválido,Desconhecido,Desconhecido
Kevin Melo,786.***.***-22,,,Endereço inválido,Desconhecido,Desconhecido
Pedro Miguel Peixoto,079.***.***-68,,,Endereço inválido,Desconhecido,Desconhecido
Gabrielly Almeida,498.***.***-00,,,Endereço inválido,Desconhecido,Desconhecido
Murilo Correia,197.***.***-93,,,Endereço inválido,Desconhecido,Desconhecido
Matheus Dias,156.***.***-53,,,Endereço inválido,Desconhecido,Desconhecido
Stella Cardoso,798.***.***-39,,,Endereço inválido,Desconhecido,Desconhecido
Marcela Barbosa,509.***.***-66,,,Endereço inválido,Desconhecido,Desconhecido
Ana Carolina Pires,612.***.***-06,,,Endereço inválido,Desconhecido,Desconhecido
Helena Aragão,791.***.***-23,,,Endereço inválido,Desconhecido,Desconhecido
João Gabriel Oliveira,496.***.***-09,,,Endereço inválido,Desconhecido,Desconhecido
Maria Cecília Vieira,491.***.***-64,,,Endereço inválido,Desconhecido,Desconhecido
Lorena Rodrigues,461.***.***-90,,,Endereço inválido,Desconhecido,Desconhecido
Nicolas Cunha,873.***.***-53,,,Endereço inválido,Desconhecido,Desconhecido
Vitor Hugo Ramos,485.***.***-06,,,Endereço inválido,Desconhecido,Desconhecido
Luigi Aragão,704.***.***-74,,,Endereço inválido,Desconhecido,Desconhecido
Maria Julia Barros,123.***.***-77,,,Endereço inválido,Desconhecido,Desconhecido
Luiz Gustavo Silveira,178.***.***-03,,,Endereço inválido,Desconhecido,Desconhecido
Ana Júlia Fernandes,795.***.***-76,,,Endereço inválido,Desconhecido,Desconhecido
Luiz Miguel Novaes,754.***.***-28,,,Endereço inválido,Desconhecido,Desconhecido
Gabriel Santos,142.***.***-30,,,Endereço inválido,Desconhecido,Desconhecido
Srta. Sophie Vieira,624.***.***-17,,,Endereço inválido,Desconhecido,Desconhecido
Júlia Cardoso,482.***.***-02,,,Endereço inválido,Desconhecido,Desconhecido
Dra. Gabriela Jesus,846.***.***-40,,,Endereço inválido,Desconhecido,Desconhecido
Dr. João Gabriel Correia,038.***.***-08,,,Endereço inválido,Desconhecido,Desconhecido
Luiz Gustavo Jesus,625.***.***-02,,,Endereço inválido,Desconhecido,Desconhecido
Rodrigo Ferreira,527.***.***-49,,,Endereço inválido,Desconhecido,Desconhecido
Alícia Ribeiro,514.***.***-94,,,Endereço inválido,Desconhecido,Desconhecido
Sr. André Da Mata,169.***.***-15,,,Endereço inválido,Desconhecido,Desconhecido
Srta. Maria Julia Campos,245.***.***-55,,,Endereço inválido,Desconhecido,Desconhecido
João Gabriel Ferreira,018.***.***-03,,,Endereço inválido,Desconhecido,Desconhecido
Thomas Moraes,291.***.***-05,,,Endereço inválido,Desconhecido,Desconhecido
Clara Melo,860.***.***-57,,,Endereço inválido,Desconhecido,Desconhecido
Luigi Cavalcanti,078.***.***-50,,,Endereço inválido,Desconhecido,Desconhecido
Dra. Stella Da Costa,340.***.***-51,,,Endereço inválido,Desconhecido,Desconhecido
Isabella Da Paz,289.***.***-65,,,Endereço inválido,Desconhecido,Desconhecido
Enzo Da Rocha,874.***.***-13,,,Endereço inválido,Desconhecido,Desconhecido
Olivia Fernandes,016.***.***-48,,,Endereço inválido,Desconhecido,Desconhecido
André Da Mata,648.***.***-08,,,Endereço inválido,Desconhecido,Desconhecido
Pedro Henrique Cavalcanti,938.***.***-86,,,Endereço inválido,Desconhecido,Desconhecido
Joaquim Silveira,671.***.***-12,,,Endereço inválido,Desconhecido,Desconhecido
Mirella Rodrigues,216.***.***-94,,,Endereço inválido,Desconhecido,Desconhecido
Sra. Isabelly Azevedo,087.***.***-76,,,Endereço inválido,Desconhecido,Desconhecido
Dr. Samuel Ferreira,720.***.***-87,,,Endereço inválido,Desconhecido,Desconhecido
Otávio Carvalho,643.***.***-90,,,Endereço inválido,Desconhecido,Desconhecido
Dra. Stephany Da Mota,154.***.***-51,,,Endereço inválido,Desconhecido,Desconhecido
Cauê Mendes,152.***.***-44,,,Endereço inválido,Desconhecido,Desconhecido
Alexandre Nunes,496.***.***-33,,,Endereço inválido,Desconhecido,Desconhecido
Maria Fernanda Aragão,372.***.***-53,,,Endereço inválido,Desconhecido,Desconhecido
João Guilherme Silva,820.***.***-30,,,Endereço inválido,Desconhecido,Desconhecido
Lorena Rezende,753.***.***-95,,,Endereço inválido,Desconhecido,Desconhecido
Maria Sophia Da Cruz,690.***.***-34,,,Endereço inválido,Desconhecido,Desconhecido
Milena Das Neves,685.***.***-89,,,Endereço inválido,Desconhecido,Desconhecido
Kamilly Da Cunha,520.***.***-80,,,Endereço inválido,Desconhecido,Desconhecido
Luiz Miguel Aragão,937.***.***-12,,,Endereço inválido,Desconhecido,Desconhecido
Ana Laura Ribeiro,754.***.***-47,,,Endereço inválido,Desconhecido,Desconhecido
Lorena Da Mota,162.***.***-90,,,Endereço inválido,Desconhecido,Desconhecido
Emanuella Souza,617.***.***-07,,,Endereço inválido,Desconhecido,Desconhecido
Cecília Pinto,498.***.***-30,,,Endereço inválido,Desconhecido,Desconhecido
Pedro Henrique Cunha,584.***.***-00,,,Endereço inválido,Desconhecido,Desconhecido
Sra. Eloah Da Mota,901.***.***-03,,,Endereço inválido,Desconhecido,Desconhecido
Samuel Da Rocha,159.***.***-97,,,Endereço inválido,Desconhecido,Desconhecido
Melissa Almeida,705.***.***-92,,,Endereço inválido,Desconhecido,Desconhecido
Carlos Eduardo Da Mota,894.***.***-20,,,Endereço inválido,Desconhecido,Desconhecido
Dr. Vitor Da Mota,789.***.***-28,,,Endereço inválido,Desconhecido,Desconhecido
Dr. Diogo Costela,962.***.***-73,,,Endereço inválido,Desconhecido,Desconhecido
Rafaela Rodrigues,578.***.***-60,,,Endereço inválido,Desconhecido,Desconhecido
Vitor Hugo Da Conceição,716.***.***-55,,,Endereço inválido,Desconhecido,Desconhecido
Ana Laura Caldeira,518.***.***-73,,,Endereço inválido,Desconhecido,Desconhecido
Dra. Laura Silveira,472.***.***-49,,,Endereço inválido,Desconhecido,Desconhecido
Sr. Rafael Pereira,492.***.***-79,,,Endereço inválido,Desconhecido,Desconhecido
Manuela Mendes,518.***.***-60,,,Endereço inválido,Desconhecido,Desconhecido
Igor Lopes,073.***.***-22,,,Endereço inválido,Desconhecido,Desconhecido
Marcelo Moreira,346.***.***-87,,,Endereço inválido,Desconhecido,Desconhecido
Thomas Costela,428.***.***-22,,,Endereço inválido,Desconhecido,Desconhecido
Luiz Otávio Gonçalves,637.***.***-90,,,Endereço inválido,Desconhecido,Desconhecido
Stella Da Costa,063.***.***-07,,,Endereço inválido,Desconhecido,Desconhecido
Luana Da Cruz,083.***.***-86,,,Endereço inválido,Desconhecido,Desconhecido
Maria Cecília Lima,132.***.***-89,,,Endereço inválido,Desconhecido,Desconhecido
Melissa Teixeira,642.***.***-78,,,Endereço inválido,Desconhecido,Desconhecido
Dr. Vinicius Pires,163.***.***-10,,,Endereço inválido,Desconhecido,Desconhecido
Luiz Miguel Farias,962.***.***-00,,,Endereço inválido,Desconhecido,Desconhecido
Breno Correia,148.***.***-67,,,Endereço inválido,Desconhecido,Desconhecido
Laís Costela,306.***.***-53,,,Endereço inválido,Desconhecido,Desconhecido
Dr. Diego Da Mata,293.***.***-41,,,Endereço inválido,Desconhecido,Desconhecido
Letícia Da Mota,852.***.***-02,,,Endereço inválido,Desconhecido,Desconhecido
Luna Ferreira,843.***.***-14,,,Endereço inválido,Desconhecido,Desconhecido
Dr. Emanuel Silveira,430.***.***-80,,,Endereço inválido,Desconhecido,Desconhecido
Lorena Sales,263.***.***-15,,,Endereço inválido,Desconhecido,Desconhecido
Davi Da Mata,846.***.***-39,,,Endereço inválido,Desconhecido,Desconhecido
Isabel Melo,748.***.***-09,,,Endereço inválido,Desconhecido,Desconhecido
Raul Oliveira,298.***.***-64,,,Endereço inválido,Desconhecido,Desconhecido
Levi Da Mata,192.***.***-32,,,Endereço inválido,Desconhecido,Desconhecido
Heloísa Castro,587.***.***-44,,,Endereço inválido,Desconhecido,Desconhecido
Sra. Júlia Da Paz,046.***.***-74,,,Endereço inválido,Desconhecido,Desconhecido
Luana Viana,213.***.***-21,,,Endereço inválido,Desconhecido,Desconhecido
Sr. Renan Sales,364.***.***-83,,,Endereço inválido,Desconhecido,Desconhecido
Caio Aragão,714.***.***-62,,,Endereço inválido,Desconhecido,Desconhecido
Srta. Lavínia Ribeiro,263.***.***-51,,,Endereço inválido,Desconhecido,Desconhecido
Sofia Da Mata,806.***.***-84,,,Endereço inválido,Desconhecido,Desconhecido
André Araújo,819.***.***-13,,,Endereço inválido,Desconhecido,Desconhecido
Nathan Azevedo,285.***.***-82,,,Endereço inválido,Desconhecido,Desconhecido
Camila Teixeira,982.***.***-40,,,Endereço inválido,Desconhecido,Desconhecido
Srta. Clara Souza,510.***.***-71,,,Endereço inválido,Desconhecido,Desconhecido
Yuri Nascimento,129.***.***-73,,,Endereço inválido,Desconhecido,Desconhecido
Srta. Marcela Gonçalves,148.***.***-87,,,Endereço inválido,Desconhecido,Desconhecido
João Ramos,936.***.***-87,,,Endereço inválido,Desconhecido,Desconhecido
Renan Rocha,720.***.***-92,,,Endereço inválido,Desconhecido,Desconhecido
Sr. Caio Souza,453.***.***-33,,,Endereço inválido,Desconhecido,Desconhecido
Clarice Farias,743.***.***-22,,,Endereço inválido,Desconhecido,Desconhecido
Marcos Vinicius Jesus,597.***.***-00,,,Endereço inválido,Desconhecido,Desconhecido
João Pedro Nunes,910.***.***-42,,,Endereço inválido,Desconhecido,Desconhecido
Levi Farias,659.***.***-52,,,Endereço inválido,Desconhecido,Desconhecido
Dr. Enzo Da Costa,791.***.***-75,,,Endereço inválido,Desconhecido,Desconhecido
Heloísa Alves,029.***.***-79,,,Endereço inválido,Desconhecido,Desconhecido
Luiz Henrique Da Mota,842.***.***-91,,,Endereço inválido,Desconhecido,Desconhecido
Camila Caldeira,903.***.***-03,,,Endereço inválido,Desconhecido,Desconhecido
Arthur Mendes,918.***.***-05,,,Endereço inválido,Desconhecido,Desconhecido
João Felipe Campos,362.***.***-06,,,Endereço inválido,Desconhecido,Desconhecido
Guilherme Azevedo,174.***.***-16,,,Endereço inválido,Desconhecido,Desconhecido
Dra. Laura Cunha,364.***.***-50,,,Endereço inválido,Desconhecido,Desconhecido
Noah Moraes,108.***.***-12,,,Endereço inválido,Desconhecido,Desconhecido
Davi Lucca Lopes,260.***.***-90,,,Endereço inválido,Desconhecido,Desconhecido
Sophia Da Cruz,621.***.***-15,,,Endereço inválido,Desconhecido,Desconhecido
Igor Da Luz,740.***.***-85,,,Endereço inválido,Desconhecido,Desconhecido
Dr. Samuel Nascimento,692.***.***-73,,,Endereço inválido,Desconhecido,Desconhecido
Maria Fernanda Freitas,968.***.***-28,,,Endereço inválido,Desconhecido,Desconhecido
Eduarda Costa,206.***.***-68,,,Endereço inválido,Desconhecido,Desconhecido
Lorenzo Monteiro,069.***.***-20,,,Endereço inválido,Desconhecido,Desconhecido
Caroline Cardoso,618.***.***-17,,,Endereço inválido,Desconhecido,Desconhecido
Henrique Da Rocha,329.***.***-99,,,Endereço inválido,Desconhecido,Desconhecido
Lucas Gabriel Oliveira,743.***.***-38,,,Endereço inválido,Desconhecido,Desconhecido
Sr. Arthur Jesus,418.***.***-93,,,Endereço inválido,Desconhecido,Desconhecido
Marcos Vinicius Da Cunha,572.***.***-43,,,Endereço inválido,Desconhecido,Desconhecido
Antônio Nogueira,061.***.***-71,,,Endereço inválido,Desconhecido,Desconhecido
Sophia Monteiro,601.***.***-15,,,Endereço inválido,Desconhecido,Desconhecido
Dr. Leandro Silva,497.***.***-85,,,Endereço inválido,Desconhecido,Desconhecido
Amanda Farias,185.***.***-08,,,Endereço inválido,Desconhecido,Desconhecido
Srta. Luna Peixoto,912.***.***-23,,,Endereço inválido,Desconhecido,Desconhecido
Sr. Igor Campos,183.***.***-62,,,Endereço inválido,Desconhecido,Desconhecido
Maria Sophia Correia,948.***.***-75,,,Endereço inválido,Desconhecido,Desconhecido
Bruno Da Cruz,293.***.***-73,,,Endereço inválido,Desconhecido,Desconhecido
Amanda Cavalcanti,351.***.***-00,,,Endereço inválido,Desconhecido,Desconhecido
Bruno Melo,721.***.***-52,,,Endereço inválido,Desconhecido,Desconhecido
Dra. Elisa Nunes,875.***.***-05,,,Endereço inválido,Desconhecido,Desconhecido
Calebe Ramos,942.***.***-40,,,Endereço inválido,Desconhecido,Desconhecido
Sr. Arthur Moraes,306.***.***-87,,,Endereço inválido,Desconhecido,Desconhecido
Júlia Silveira,913.***.***-57,,,Endereço inválido,Desconhecido,Desconhecido
Sra. Isabelly Silva,732.***.***-00,,,Endereço inválido,Desconhecido,Desconhecido
Dr. Otávio Azevedo,457.***.***-30,,,Endereço inválido,Desconhecido,Desconhecido
Maria Cecília Aragão,264.***.***-49,,,Endereço inválido,Desconhecido,Desconhecido
Noah Da Rosa,742.***.***-22,,,Endereço inválido,Desconhecido,Desconhecido
Sra. Laura Azevedo,540.***.***-71,,,Endereço inválido,Desconhecido,Desconhecido
Dr. Francisco Moreira,702.***.***-08,,,Endereço inválido,Desconhecido,Desconhecido
Mariane Das Neves,912.***.***-05,,,Endereço inválido,Desconhecido,Desconhecido
Enzo Monteiro,309.***.***-56,,,Endereço inválido,Desconhecido,Desconhecido
Diego Da Rocha,093.***.***-83,,,Endereço inválido,Desconhecido,Desconhecido
Ana Laura Da Cruz,798.***.***-49,,,Endereço inválido,Desconhecido,Desconhecido
Ana Sophia Gomes,384.***.***-46,,,Endereço inválido,Desconhecido,Desconhecido
Ana Laura Costa,502.***.***-85,,,Endereço inválido,Desconhecido,Desconhecido
Felipe Souza,187.***.***-84,,,Endereço inválido,Desconhecido,Desconhecido
Luana Novaes,287.***.***-87,,,Endereço inválido,Desconhecido,Desconhecido
Sra. Yasmin Nogueira,360.***.***-15,,,Endereço inválido,Desconhecido,Desconhecido
Benício Melo,904.***.***-67,,,Endereço inválido,Desconhecido,Desconhecido
Daniela Aragão,726.***.***-53,,,Endereço inválido,Desconhecido,Desconhecido
Davi Luiz Sales,740.***.***-13,,,Endereço inválido,Desconhecido,Desconhecido
Milena Souza,904.***.***-70,,,Endereço inválido,Desconhecido,Desconhecido
Maria Eduarda Ferreira,438.***.***-60,,,Endereço inválido,Desconhecido,Desconhecido
Sr. Diogo Lima,302.***.***-00,,,Endereço inválido,Desconhecido,Desconhecido
Dr. Carlos Eduardo Araújo,496.***.***-47,,,Endereço inválido,Desconhecido,Desconhecido
Marina Gomes,934.***.***-00,,,Endereço inválido,Desconhecido,Desconhecido
Gustavo Henrique Duarte,254.***.***-60,,,Endereço inválido,Desconhecido,Desconhecido
Caio Ramos,832.***.***-73,,,Endereço inválido,Desconhecido,Desconhecido
Rafael Nunes,462.***.***-19,,,Endereço inválido,Desconhecido,Desconhecido
Enzo Gabriel Cardoso,726.***.***-67,,,Endereço inválido,Desconhecido,Desconhecido
Davi Cardoso,065.***.***-90,,,Endereço inválido,Desconhecido,Desconhecido
Daniel Pires,274.***.***-47,,,Endereço inválido,Desconhecido,Desconhecido
Brenda Da Mata,532.***.***-19,,,Endereço inválido,Desconhecido,Desconhecido
Samuel Dias,852.***.***-24,,,Endereço inválido,Desconhecido,Desconhecido
Gustavo Henrique Da Costa,917.***.***-50,,,Endereço inválido,Desconhecido,Desconhecido
Theo Fogaça,091.***.***-05,,,Endereço inválido,Desconhecido,Desconhecido
Sra. Alexia Carvalho,483.***.***-71,,,Endereço inválido,Desconhecido,Desconhecido
Juliana Martins,432.***.***-56,,,Endereço inválido,Desconhecido,Desconhecido
Luiz Gustavo Da Rosa,280.***.***-97,,,Endereço inválido,Desconhecido,Desconhecido
Gabriela Freitas,367.***.***-26,,,Endereço inválido,Desconhecido,Desconhecido
Enzo Gabriel Vieira,812.***.***-76,,,Endereço inválido,Desconhecido,Desconhecido
Srta. Luna Nascimento,815.***.***-60,,,Endereço inválido,Desconhecido,Desconhecido
Sophie Da Mata,971.***.***-97,,,Endereço inválido,Desconhecido,Desconhecido
Clarice Alves,973.***.***-65,,,Endereço inválido,Desconhecido,Desconhecido
Catarina Rodrigues,138.***.***-84,,,Endereço inválido,Desconhecido,Desconhecido
Antônio Vieira,017.***.***-53,,,Endereço inválido,Desconhecido,Desconhecido
Dr. Nicolas Da Conceição,105.***.***-80,,,Endereço inválido,Desconhecido,Desconhecido
Maria Alice Da Costa,290.***.***-92,,,Endereço inválido,Desconhecido,Desconhecido
Sr. Lucca Martins,906.***.***-70,,,Endereço inválido,Desconhecido,Desconhecido
Maitê Gonçalves,034.***.***-20,,,Endereço inválido,Desconhecido,Desconhecido
Ana Laura Ferreira,326.***.***-74,,,Endereço inválido,Desconhecido,Desconhecido
Sabrina Da Mata,172.***.***-02,,,Endereço inválido,Desconhecido,Desconhecido
Alexandre Das Neves,183.***.***-24,,,Endereço inválido,Desconhecido,Desconhecido
Isadora Da Cunha,471.***.***-31,,,Endereço inválido,Desconhecido,Desconhecido
Dr. Luigi Fernandes,834.***.***-55,,,Endereço inválido,Desconhecido,Desconhecido
Sr. Yago Cavalcanti,758.***.***-05,,,Endereço inválido,Desconhecido,Desconhecido
Carolina Peixoto,396.***.***-96,,,Endereço inválido,Desconhecido,Desconhecido
Ana Lívia Porto,067.***.***-44,,,Endereço inválido,Desconhecido,Desconhecido
Henrique Da Mata,896.***.***-74,,,Endereço inválido,Desconhecido,Desconhecido
Enrico Aragão,490.***.***-75,,,Endereço inválido,Desconhecido,Desconhecido
Milena Cavalcanti,523.***.***-70,,,Endereço inválido,Desconhecido,Desconhecido
Davi Lucca Melo,731.***.***-14,,,Endereço inválido,Desconhecido,Desconhecido
Clarice Fernandes,192.***.***-73,,,Endereço inválido,Desconhecido,Desconhecido
Dr. Luiz Fernando Das Neves,146.***.***-37,,,Endereço inválido,Desconhecido,Desconhecido
Caio Azevedo,428.***.***-82,,,Endereço inválido,Desconhecido,Desconhecido
Enrico Novaes,457.***.***-38,,,Endereço inválido,Desconhecido,Desconhecido
Ana Clara Moreira,075.***.***-53,,,Endereço inválido,Desconhecido,Desconhecido
Enrico Ribeiro,965.***.***-66,,,Endereço inválido,Desconhecido,Desconhecido
Evelyn Aragão,548.***.***-07,,,Endereço inválido,Desconhecido,Desconhecido
Thales Moreira,406.***.***-07,,,Endereço inválido,Desconhecido,Desconhecido
Heitor Mendes,097.***.***-61,,,Endereço inválido,Desconhecido,Desconhecido
Sarah Nascimento,938.***.***-10,,,Endereço inválido,Desconhecido,Desconhecido
Sra. Yasmin Melo,510.***.***-49,,,Endereço inválido,Desconhecido,Desconhecido
Sr. Marcelo Costela,895.***.***-38,,,Endereço inválido,Desconhecido,Desconhecido
Maria Cecília Araújo,752.***.***-52,,,Endereço inválido,Desconhecido,Desconhecido
Enzo Gabriel Ribeiro,965.***.***-02,,,Endereço inválido,Desconhecido,Desconhecido
Miguel Da Rosa,168.***.***-03,,,Endereço inválido,Desconhecido,Desconhecido
Maria Vitória Ferreira,914.***.***-69,,,Endereço inválido,Desconhecido,Desconhecido
Sr. Vitor Gabriel Gomes,348.***.***-60,,,Endereço inválido,Desconhecido,Desconhecido
Bianca Pinto,541.***.***-06,,,Endereço inválido,Desconhecido,Desconhecido
Igor Melo,519.***.***-39,,,Endereço inválido,Desconhecido,Desconhecido
Sra. Vitória Carvalho,528.***.***-38,,,Endereço inválido,Desconhecido,Desconhecido
Sofia Duarte,412.***.***-28,,,Endereço inválido,Desconhecido,Desconhecido
Brenda Nogueira,160.***.***-33,,,Endereço inválido,Desconhecido,Desconhecido
Rafael Fogaça,569.***.***-68,,,Endereço inválido,Desconhecido,Desconhecido
Ana Nascimento,295.***.***-61,,,Endereço inválido,Desconhecido,Desconhecido
Dr. Juan Da Rocha,475.***.***-80,,,Endereço inválido,Desconhecido,Desconhecido
Ana Laura Rocha,531.***.***-70,,,Endereço inválido,Desconhecido,Desconhecido
Maria Alice Da Rocha,906.***.***-22,,,Endereço inválido,Desconhecido,Desconhecido
Elisa Lopes,790.***.***-30,,,Endereço inválido,Desconhecido,Desconhecido
Davi Lucca Pereira,597.***.***-60,,,Endereço inválido,Desconhecido,Desconhecido
Marina Fogaça,410.***.***-20,,,Endereço inválido,Desconhecido,Desconhecido
Bernardo Ramos,105.***.***-98,,,Endereço inválido,Desconhecido,Desconhecido
Ana Lívia Lopes,971.***.***-02,,,Endereço inválido,Desconhecido,Desconhecido
Miguel Silva,920.***.***-00,,,Endereço inválido,Desconhecido,Desconhecido
Sr. Arthur Da Cruz,693.***.***-38,,,Endereço inválido,Desconhecido,Desconhecido
Julia Da Mota,571.***.***-20,,,Endereço inválido,Desconhecido,Desconhecido
Agatha Rocha,853.***.***-30,,,Endereço inválido,Desconhecido,Desconhecido
Isabel Cardoso,608.***.***-40,,,Endereço inválido,Desconhecido,Desconhecido
Marcos Vinicius Moura,451.***.***-19,,,Endereço inválido,Desconhecido,Desconhecido
Levi Da Cunha,718.***.***-75,,,Endereço inválido,Desconhecido,Desconhecido
Cauã Vieira,427.***.***-61,,,Endereço inválido,Desconhecido,Desconhecido
Dra. Isabelly Souza,725.***.***-30,,,Endereço inválido,Desconhecido,Desconhecido
Heitor Rezende,174.***.***-39,,,Endereço inválido,Desconhecido,Desconhecido
Maria Vitória Jesus,493.***.***-70,,,Endereço inválido,Desconhecido,Desconhecido
Emanuel Duarte,762.***.***-76,,,Endereço inválido,Desconhecido,Desconhecido
Ian Lima,163.***.***-66,,,Endereço inválido,Desconhecido,Desconhecido
Vitor Alves,687.***.***-22,,,Endereço inválido,Desconhecido,Desconhecido
Rafael Ramos,946.***.***-84,,,Endereço inválido,Desconhecido,Desconhecido
Ryan Da Cunha,412.***.***-52,,,Endereço inválido,Desconhecido,Desconhecido
Maria Da Cunha,539.***.***-06,,,Endereço inválido,Desconhecido,Desconhecido
Srta. Milena Cardoso,832.***.***-40,,,Endereço inválido,Desconhecido,Desconhecido
Bryan Ramos,043.***.***-89,,,Endereço inválido,Desconhecido,Desconhecido
Luigi Santos,273.***.***-52,,,Endereço inválido,Desconhecido,Desconhecido
Isabella Duarte,023.***.***-17,,,Endereço inválido,Desconhecido,Desconhecido
Sophie Azevedo,214.***.***-49,,,Endereço inválido,Desconhecido,Desconhecido
Matheus Carvalho,592.***.***-09,,,Endereço inválido,Desconhecido,Desconhecido
Júlia Da Cruz,714.***.***-39,,,Endereço inválido,Desconhecido,Desconhecido
Vitor Peixoto,489.***.***-06,,,Endereço inválido,Desconhecido,Desconhecido
Amanda Castro,305.***.***-41,,,Endereço inválido,Desconhecido,Desconhecido
Lucas Lima,240.***.***-01,,,Endereço inválido,Desconhecido,Desconhecido
Raquel Ramos,052.***.***-25,,,Endereço inválido,Desconhecido,Desconhecido
Dra. Rebeca Nascimento,431.***.***-37,,,Endereço inválido,Desconhecido,Desconhecido
Theo Da Conceição,846.***.***-46,,,Endereço inválido,Desconhecido,Desconhecido
Thiago Da Cunha,631.***.***-24,,,Endereço inválido,Desconhecido,Desconhecido
Davi Lucas Moreira,169.***.***-02,,,Endereço inválido,Desconhecido,Desconhecido
Helena Costela,950.***.***-68,,,Endereço inválido,Desconhecido,Desconhecido
Beatriz Peixoto,243.***.***-96,,,Endereço inválido,Desconhecido,Desconhecido
Luigi Fernandes,846.***.***-20,,,Endereço inválido,Desconhecido,Desconhecido
Gabrielly Almeida,831.***.***-14,,,Endereço inválido,Desconhecido,Desconhecido
Samuel Sales,439.***.***-55,,,Endereço inválido,Desconhecido,Desconhecido
Dr. Otávio Costa,095.***.***-59,,,Endereço inválido,Desconhecido,Desconhecido
Srta. Ana Beatriz Da Mata,429.***.***-67,,,Endereço inválido,Desconhecido,Desconhecido
João Rodrigues,594.***.***-76,,,Endereço inválido,Desconhecido,Desconhecido
Nathan Farias,521.***.***-32,,,Endereço inválido,Desconhecido,Desconhecido
Dr. Rafael Pereira,581.***.***-55,,,Endereço inválido,Desconhecido,Desconhecido
Júlia Pereira,871.***.***-12,,,Endereço inválido,Desconhecido,Desconhecido
Dra. Laura Barbosa,031.***.***-04,,,Endereço inválido,Desconhecido,Desconhecido
Juliana Pinto,385.***.***-93,,,Endereço inválido,Desconhecido,Desconhecido
Joana Monteiro,138.***.***-39,,,Endereço inválido,Desconhecido,Desconhecido
Dr. Yago Da Rocha,698.***.***-28,,,Endereço inválido,Desconhecido,Desconhecido
Miguel Nogueira,869.***.***-22,,,Endereço inválido,Desconhecido,Desconhecido
Isadora Da Rocha,725.***.***-70,,,Endereço inválido,Desconhecido,Desconhecido
Clara Costela,380.***.***-50,,,Endereço inválido,Desconhecido,Desconhecido
Dr. Enzo Gabriel Rocha,473.***.***-61,,,Endereço inválido,Desconhecido,Desconhecido
Maysa Monteiro,615.***.***-44,,,Endereço inválido,Desconhecido,Desconhecido
Maria Alice Da Rosa,710.***.***-66,,,Endereço inválido,Desconhecido,Desconhecido
Maysa Lopes,196.***.***-76,,,Endereço inválido,Desconhecido,Desconhecido
Srta. Yasmin Jesus,586.***.***-44,,,Endereço inválido,Desconhecido,Desconhecido
Mariana Costela,372.***.***-00,,,Endereço inválido,Desconhecido,Desconhecido
Clara Almeida,842.***.***-92,,,Endereço inválido,Desconhecido,Desconhecido
Sofia Aragão,687.***.***-08,,,Endereço inválido,Desconhecido,Desconhecido
Elisa Barros,546.***.***-20,,,Endereço inválido,Desconhecido,Desconhecido
Joana Silva,349.***.***-57,,,Endereço inválido,Desconhecido,Desconhecido
Lorenzo Porto,812.***.***-13,,,Endereço inválido,Desconhecido,Desconhecido
Vitória Barbosa,583.***.***-77,,,Endereço inválido,Desconhecido,Desconhecido
Alícia Da Rosa,035.***.***-51,,,Endereço inválido,Desconhecido,Desconhecido
Lucas Monteiro,739.***.***-75,,,Endereço inválido,Desconhecido,Desconhecido
Rodrigo Caldeira,816.***.***-37,,,Endereço inválido,Desconhecido,Desconhecido
Luna Rezende,456.***.***-57,,,Endereço inválido,Desconhecido,Desconhecido
Diogo Rezende,680.***.***-24,,,Endereço inválido,Desconhecido,Desconhecido
Anthony Da Costa,805.***.***-21,,,Endereço inválido,Desconhecido,Desconhecido
Sra. Maria Julia Novaes,019.***.***-01,,,Endereço inválido,Desconhecido,Desconhecido
João Pedro Peixoto,243.***.***-55,,,Endereço inválido,Desconhecido,Desconhecido
Alana Fernandes,198.***.***-09,,,Endereço inválido,Desconhecido,Desconhecido
Sra. Mirella Rezende,247.***.***-50,,,Endereço inválido,Desconhecido,Desconhecido
Gabrielly Moreira,608.***.***-62,,,Endereço inválido,Desconhecido,Desconhecido
Sra. Sofia Souza,605.***.***-48,,,Endereço inválido,Desconhecido,Desconhecido
Mariane Melo,735.***.***-77,,,Endereço inválido,Desconhecido,Desconhecido
Lorena Souza,048.***.***-49,,,Endereço inválido,Desconhecido,Desconhecido
Fernando Da Mata,280.***.***-08,,,Endereço inválido,Desconhecido,Desconhecido
Laura Cardoso,821.***.***-17,,,Endereço inválido,Desconhecido,Desconhecido
Marina Da Cruz,724.***.***-26,,,Endereço inválido,Desconhecido,Desconhecido
Maria Rocha,163.***.***-03,,,Endereço inválido,Desconhecido,Desconhecido
Dr. Davi Luiz Nunes,604.***.***-16,,,Endereço inválido,Desconhecido,Desconhecido
Vitor Gabriel Costela,175.***.***-43,,,Endereço inválido,Desconhecido,Desconhecido
Dr. Luigi Barbosa,641.***.***-39,,,Endereço inválido,Desconhecido,Desconhecido
Rodrigo Azevedo,687.***.***-75,,,Endereço inválido,Desconhecido,Desconhecido
Pedro Henrique Cardoso,324.***.***-04,,,Endereço inválido,Desconhecido,Desconhecido
Sr. João Cardoso,032.***.***-74,,,Endereço inválido,Desconhecido,Desconhecido
Maria Julia Nunes,381.***.***-35,,,Endereço inválido,Desconhecido,Desconhecido
Fernanda Duarte,453.***.***-15,,,Endereço inválido,Desconhecido,Desconhecido
Marcos Vinicius Oliveira,280.***.***-95,,,Endereço inválido,Desconhecido,Desconhecido
Leandro Aragão,124.***.***-32,,,Endereço inválido,Desconhecido,Desconhecido
Maria Alice Vieira,832.***.***-44,,,Endereço inválido,Desconhecido,Desconhecido
Ana Luiza Jesus,541.***.***-91,,,Endereço inválido,Desconhecido,Desconhecido
Guilherme Cardoso,197.***.***-21,,,Endereço inválido,Desconhecido,Desconhecido
Luiz Felipe Azevedo,439.***.***-52,,,Endereço inválido,Desconhecido,Desconhecido
Nathan Araújo,813.***.***-89,,,Endereço inválido,Desconhecido,Desconhecido
Clara Ferreira,467.***.***-28,,,Endereço inválido,Desconhecido,Desconhecido
Felipe Da Mata,634.***.***-69,,,Endereço inválido,Desconhecido,Desconhecido
Enzo Gabriel Azevedo,789.***.***-48,,,Endereço inválido,Desconhecido,Desconhecido
Maitê Barbosa,231.***.***-07,,,Endereço inválido,Desconhecido,Desconhecido
Srta. Isis Da Cruz,073.***.***-78,,,Endereço inválido,Desconhecido,Desconhecido
Otávio Da Mata,835.***.***-29,,,Endereço inválido,Desconhecido,Desconhecido
Sophie Castro,165.***.***-09,,,Endereço inválido,Desconhecido,Desconhecido
Diogo Da Cunha,263.***.***-60,,,Endereço inválido,Desconhecido,Desconhecido
Benício Fernandes,389.***.***-77,,,Endereço inválido,Desconhecido,Desconhecido
João Pedro Silva,523.***.***-06,,,Endereço inválido,Desconhecido,Desconhecido
Heloísa Cunha,260.***.***-83,,,Endereço inválido,Desconhecido,Desconhecido
Bruno Novaes,190.***.***-93,,,Endereço inválido,Desconhecido,Desconhecido
Levi Cavalcanti,291.***.***-55,,,Endereço inválido,Desconhecido,Desconhecido
João Pedro Lopes,407.***.***-96,,,Endereço inválido,Desconhecido,Desconhecido
Heloísa Da Luz,569.***.***-57,,,Endereço inválido,Desconhecido,Desconhecido
Lorena Gomes,298.***.***-65,,,Endereço inválido,Desconhecido,Desconhecido
Milena Vieira,623.***.***-51,,,Endereço inválido,Desconhecido,Desconhecido
Milena Ramos,160.***.***-34,,,Endereço inválido,Desconhecido,Desconhecido
Vitor Hugo Ramos,286.***.***-78,,,Endereço inválido,Desconhecido,Desconhecido
Ana Julia Nascimento,197.***.***-31,,,Endereço inválido,Desconhecido,Desconhecido
Dr. Enrico Carvalho,254.***.***-00,,,Endereço inválido,Desconhecido,Desconhecido
Vitor Hugo Cunha,701.***.***-39,,,Endereço inválido,Desconhecido,Desconhecido
Dr. Samuel Moura,402.***.***-05,,,Endereço inválido,Desconhecido,Desconhecido
Luana Nascimento,314.***.***-50,,,Endereço inválido,Desconhecido,Desconhecido
Dra. Maria Vitória Viana,250.***.***-00,,,Endereço inválido,Desconhecido,Desconhecido
Sr. Calebe Duarte,936.***.***-04,,,Endereço inválido,Desconhecido,Desconhecido
Leonardo Costela,624.***.***-29,,,Endereço inválido,Desconhecido,Desconhecido
Benício Moreira,136.***.***-24,,,Endereço inválido,Desconhecido,Desconhecido
Lucca Mendes,819.***.***-76,,,Endereço inválido,Desconhecido,Desconhecido
Sophie Farias,741.***.***-00,,,Endereço inválido,Desconhecido,Desconhecido
Bruna Da Rocha,845.***.***-19,,,Endereço inválido,Desconhecido,Desconhecido
Heitor Nascimento,493.***.***-84,,,Endereço inválido,Desconhecido,Desconhecido
Rafael Porto,629.***.***-30,,,Endereço inválido,Desconhecido,Desconhecido
Luiz Miguel Da Paz,647.***.***-80,,,Endereço inválido,Desconhecido,Desconhecido
Srta. Pietra Duarte,913.***.***-04,,,Endereço inválido,Desconhecido,Desconhecido
Eloah Cunha,908.***.***-60,,,Endereço inválido,Desconhecido,Desconhecido
Bruna Rodrigues,625.***.***-67,,,Endereço inválido,Desconhecido,Desconhecido
Felipe Monteiro,172.***.***-68,,,Endereço inválido,Desconhecido,Desconhecido
Isis Campos,178.***.***-41,,,Endereço inválido,Desconhecido,Desconhecido
Vitor Novaes,586.***.***-08,,,Endereço inválido,Desconhecido,Desconhecido
Yago Porto,907.***.***-01,,,Endereço inválido,Desconhecido,Desconhecido
Guilherme Campos,354.***.***-79,,,Endereço inválido,Desconhecido,Desconhecido
Vitor Moraes,297.***.***-99,,,Endereço inválido,Desconhecido,Desconhecido
João Gabriel Jesus,790.***.***-01,,,Endereço inválido,Desconhecido,Desconhecido
Dr. Vitor Hugo Rezende,796.***.***-58,,,Endereço inválido,Desconhecido,Desconhecido
Dr. Arthur Carvalho,081.***.***-97,,,Endereço inválido,Desconhecido,Desconhecido
Ryan Mendes,239.***.***-55,,,Endereço inválido,Desconhecido,Desconhecido
Ana Laura Silva,485.***.***-47,,,Endereço inválido,Desconhecido,Desconhecido
Lorenzo Novaes,370.***.***-05,,,Endereço inválido,Desconhecido,Desconhecido
Cauê Cardoso,019.***.***-60,,,Endereço inválido,Desconhecido,Desconhecido
Dra. Ana Luiza Silveira,324.***.***-40,,,Endereço inválido,Desconhecido,Desconhecido
Lavínia Azevedo,318.***.***-03,,,Endereço inválido,Desconhecido,Desconhecido
Bruna Ribeiro,352.***.***-10,,,Endereço inválido,Desconhecido,Desconhecido
Theo Da Mata,758.***.***-44,,,Endereço inválido,Desconhecido,Desconhecido
João Gabriel Porto,956.***.***-91,,,Endereço inválido,Desconhecido,Desconhecido
Maria Julia Freitas,178.***.***-53,,,Endereço inválido,Desconhecido,Desconhecido
Dr. Otávio Barros,683.***.***-21,,,Endereço inválido,Desconhecido,Desconhecido
Yasmin Gomes,827.***.***-35,,,Endereço inválido,Desconhecido,Desconhecido
Sofia Novaes,576.***.***-83,,,Endereço inválido,Desconhecido,Desconhecido
Ian Da Luz,152.***.***-77,,,Endereço inválido,Desconhecido,Desconhecido
Davi Luiz Souza,857.***.***-53,,,Endereço inválido,Desconhecido,Desconhecido
Cecília Araújo,032.***.***-26,,,Endereço inválido,Desconhecido,Desconhecido
Luiz Gustavo Duarte,381.***.***-44,,,Endereço inválido,Desconhecido,Desconhecido
Ana Julia Cardoso,704.***.***-88,,,Endereço inválido,Desconhecido,Desconhecido
Gabrielly Lima,560.***.***-30,,,Endereço inválido,Desconhecido,Desconhecido
Heloísa Ribeiro,437.***.***-37,,,Endereço inválido,Desconhecido,Desconhecido
Letícia Costa,530.***.***-70,,,Endereço inválido,Desconhecido,Desconhecido
Ana Beatriz Da Rocha,438.***.***-04,,,Endereço inválido,Desconhecido,Desconhecido
Benjamin Moura,975.***.***-97,,,Endereço inválido,Desconhecido,Desconhecido
Ana Julia Fogaça,103.***.***-70,,,Endereço inválido,Desconhecido,Desconhecido
Clara Da Mata,354.***.***-00,,,Endereço inválido,Desconhecido,Desconhecido
Fernanda Oliveira,102.***.***-14,,,Endereço inválido,Desconhecido,Desconhecido
Laura Das Neves,723.***.***-29,,,Endereço inválido,Desconhecido,Desconhecido
Lívia Teixeira,694.***.***-29,,,Endereço inválido,Desconhecido,Desconhecido
Eloah Moreira,904.***.***-00,,,Endereço inválido,Desconhecido,Desconhecido
Lívia Cardoso,619.***.***-61,,,Endereço inválido,Desconhecido,Desconhecido
Augusto Freitas,930.***.***-01,,,Endereço inválido,Desconhecido,Desconhecido
Raquel Fernandes,467.***.***-94,,,Endereço inválido,Desconhecido,Desconhecido
Sr. Anthony Da Costa,614.***.***-07,,,Endereço inválido,Desconhecido,Desconhecido
Murilo Melo,431.***.***-80,,,Endereço inválido,Desconhecido,Desconhecido
Srta. Mirella Barbosa,430.***.***-75,,,Endereço inválido,Desconhecido,Desconhecido
Gabriela Das Neves,437.***.***-65,,,Endereço inválido,Desconhecido,Desconhecido
Bruno Da Cunha,259.***.***-24,,,Endereço inválido,Desconhecido,Desconhecido
Natália Rezende,784.***.***-11,,,Endereço inválido,Desconhecido,Desconhecido
Emilly Caldeira,732.***.***-07,,,Endereço inválido,Desconhecido,Desconhecido
Levi Azevedo,639.***.***-91,,,Endereço inválido,Desconhecido,Desconhecido
Nicole Da Rocha,567.***.***-90,,,Endereço inválido,Desconhecido,Desconhecido
Joana Moreira,435.***.***-51,,,Endereço inválido,Desconhecido,Desconhecido
Maria Eduarda Almeida,573.***.***-56,,,Endereço inválido,Desconhecido,Desconhecido
Marcela Da Cruz,876.***.***-78,,,Endereço inválido,Desconhecido,Desconhecido
Isaac Oliveira,209.***.***-01,,,Endereço inválido,Desconhecido,Desconhecido
Manuela Pinto,094.***.***-20,,,Endereço inválido,Desconhecido,Desconhecido
Bryan Ramos,681.***.***-94,,,Endereço inválido,Desconhecido,Desconhecido
Sr. Enzo Gabriel Fernandes,769.***.***-21,,,Endereço inválido,Desconhecido,Desconhecido
Brenda Ramos,269.***.***-83,,,Endereço inválido,Desconhecido,Desconhecido
Yuri Rezende,564.***.***-89,,,Endereço inválido,Desconhecido,Desconhecido
Luiz Miguel Da Costa,630.***.***-34,,,Endereço inválido,Desconhecido,Desconhecido
Enzo Nogueira,187.***.***-69,,,Endereço inválido,Desconhecido,Desconhecido
Davi Lucca Azevedo,035.***.***-10,,,Endereço inválido,Desconhecido,Desconhecido
Luiz Otávio Fernandes,716.***.***-85,,,Endereço inválido,Desconhecido,Desconhecido
Thomas Correia,083.***.***-66,,,Endereço inválido,Desconhecido,Desconhecido
Davi Lucca Teixeira,647.***.***-26,,,Endereço inválido,Desconhecido,Desconhecido
Luiz Gustavo Ribeiro,149.***.***-78,,,Endereço inválido,Desconhecido,Desconhecido
Pietra Da Mata,427.***.***-08,,,Endereço inválido,Desconhecido,Desconhecido
Joaquim Azevedo,016.***.***-16,,,Endereço inválido,Desconhecido,Desconhecido
Sra. Agatha Melo,506.***.***-60,,,Endereço inválido,Desconhecido,Desconhecido
Maria Julia Lopes,613.***.***-68,,,Endereço inválido,Desconhecido,Desconhecido
Dr. Marcelo Cardoso,862.***.***-07,,,Endereço inválido,Desconhecido,Desconhecido
Catarina Moreira,207.***.***-11,,,Endereço inválido,Desconhecido,Desconhecido
Heitor Vieira,089.***.***-92,,,Endereço inválido,Desconhecido,Desconhecido
Luiz Fernando Da Luz,071.***.***-01,,,Endereço inválido,Desconhecido,Desconhecido
Sabrina Silva,216.***.***-69,,,Endereço inválido,Desconhecido,Desconhecido
Luiz Henrique Martins,648.***.***-82,,,Endereço inválido,Desconhecido,Desconhecido
Catarina Carvalho,196.***.***-10,,,Endereço inválido,Desconhecido,Desconhecido
Ana Vitória Azevedo,529.***.***-01,,,Endereço inválido,Desconhecido,Desconhecido
Thales Campos,412.***.***-89,,,Endereço inválido,Desconhecido,Desconhecido
Thales Oliveira,369.***.***-50,,,Endereço inválido,Desconhecido,Desconhecido
Fernanda Cavalcanti,912.***.***-51,,,Endereço inválido,Desconhecido,Desconhecido
Dr. João Gabriel Da Conceição,831.***.***-00,,,Endereço inválido,Desconhecido,Desconhecido
Noah Barros,310.***.***-86,,,Endereço inválido,Desconhecido,Desconhecido
Dr. Felipe Novaes,685.***.***-59,,,Endereço inválido,Desconhecido,Desconhecido
Luiz Fernando Aragão,120.***.***-01,,,Endereço inválido,Desconhecido,Desconhecido
Marina Ramos,068.***.***-10,,,Endereço inválido,Desconhecido,Desconhecido
Dra. Joana Lopes,619.***.***-11,,,Endereço inválido,Desconhecido,Desconhecido
Isabel Duarte,146.***.***-87,,,Endereço inválido,Desconhecido,Desconhecido
Paulo Jesus,078.***.***-92,,,Endereço inválido,Desconhecido,Desconhecido
Laura Costa,540.***.***-25,,,Endereço inválido,Desconhecido,Desconhecido
Sra. Milena Pinto,280.***.***-24,,,Endereço inválido,Desconhecido,Desconhecido
Danilo Ribeiro,109.***.***-80,,,Endereço inválido,Desconhecido,Desconhecido
Lívia Nunes,742.***.***-23,,,Endereço inválido,Desconhecido,Desconhecido
Alícia Rodrigues,349.***.***-16,,,Endereço inválido,Desconhecido,Desconhecido
Agatha Rezende,057.***.***-79,,,Endereço inválido,Desconhecido,Desconhecido
Juliana Santos,605.***.***-59,,,Endereço inválido,Desconhecido,Desconhecido
Maria Fernanda Da Conceição,408.***.***-50,,,Endereço inválido,Desconhecido,Desconhecido
Daniela Barbosa,861.***.***-64,,,Endereço inválido,Desconhecido,Desconhecido
Arthur Pinto,562.***.***-25,,,Endereço inválido,Desconhecido,Desconhecido
Emanuel Aragão,910.***.***-57,,,Endereço inválido,Desconhecido,Desconhecido
Dra. Alice Vieira,936.***.***-00,,,Endereço inválido,Desconhecido,Desconhecido
Maria Cecília Moreira,805.***.***-71,,,Endereço inválido,Desconhecido,Desconhecido
Maria Vitória Campos,380.***.***-57,,,Endereço inválido,Desconhecido,Desconhecido
Isabel Da Conceição,819.***.***-93,,,Endereço inválido,Desconhecido,Desconhecido
,013.***.***-69,,,Endereço inválido,Desconhecido,Desconhecido
Dr. Thomas Nunes,967.***.***-46,,,Endereço inválido,Desconhecido,Desconhecido
Lucca Moura,718.***.***-35,,,Endereço inválido,Desconhecido,Desconhecido
Diogo Souza,169.***.***-95,,,Endereço inválido,Desconhecido,Desconhecido
Juliana Costa,980.***.***-39,,,Endereço inválido,Desconhecido,Desconhecido
Eduarda Da Costa,739.***.***-48,,,Endereço inválido,Desconhecido,Desconhecido
Alana Freitas,427.***.***-73,,,Endereço inválido,Desconhecido,Desconhecido
Murilo Ramos,374.***.***-00,,,Endereço inválido,Desconhecido,Desconhecido
Cecília Souza,294.***.***-30,,,Endereço inválido,Desconhecido,Desconhecido
Raul Martins,187.***.***-26,,,Endereço inválido,Desconhecido,Desconhecido
Renan Cavalcanti,072.***.***-77,,,Endereço inválido,Desconhecido,Desconhecido
Sr. Diego Pires,842.***.***-41,,,Endereço inválido,Desconhecido,Desconhecido
Sofia Da Rocha,719.***.***-03,,,Endereço inválido,Desconhecido,Desconhecido
Lorenzo Dias,271.***.***-04,,,Endereço inválido,Desconhecido,Desconhecido
Sr. Vitor Souza,426.***.***-83,,,Endereço inválido,Desconhecido,Desconhecido
Vitor Gabriel Cardoso,354.***.***-50,,,Endereço inválido,Desconhecido,Desconhecido
Pedro Rodrigues,790.***.***-20,,,Endereço inválido,Desconhecido,Desconhecido
Eduarda Teixeira,745.***.***-17,,,Endereço inválido,Desconhecido,Desconhecido
Daniel Oliveira,753.***.***-08,,,Endereço inválido,Desconhecido,Desconhecido
Isadora Nogueira,129.***.***-05,,,Endereço inválido,Desconhecido,Desconhecido
Sr. Fernando Moraes,768.***.***-95,,,Endereço inválido,Desconhecido,Desconhecido
Luiza Araújo,246.***.***-10,,,Endereço inválido,Desconhecido,Desconhecido
Maria Luiza Pires,620.***.***-67,,,Endereço inválido,Desconhecido,Desconhecido
João Lucas Das Neves,974.***.***-49,,,Endereço inválido,Desconhecido,Desconhecido
Vitor Gabriel Carvalho,387.***.***-92,,,Endereço inválido,Desconhecido,Desconhecido
Henrique Sales,196.***.***-39,,,Endereço inválido,Desconhecido,Desconhecido
Henrique Ferreira,360.***.***-07,,,Endereço inválido,Desconhecido,Desconhecido
Dra. Raquel Da Mota,263.***.***-78,,,Endereço inválido,Desconhecido,Desconhecido
Levi Melo,513.***.***-09,,,Endereço inválido,Desconhecido,Desconhecido
Ana Luiza Gomes,287.***.***-12,,,Endereço inválido,Desconhecido,Desconhecido
Isaac Fernandes,572.***.***-07,,,Endereço inválido,Desconhecido,Desconhecido
Leandro Fernandes,018.***.***-15,,,Endereço inválido,Desconhecido,Desconhecido
Dr. Breno Sales,135.***.***-42,,,Endereço inválido,Desconhecido,Desconhecido
Rafael Araújo,481.***.***-17,,,Endereço inválido,Desconhecido,Desconhecido
Eduardo Da Costa,043.***.***-31,,,Endereço inválido,Desconhecido,Desconhecido
Dra. Larissa Fernandes,562.***.***-00,,,Endereço inválido,Desconhecido,Desconhecido
Milena Da Rocha,864.***.***-49,,,Endereço inválido,Desconhecido,Desconhecido
Eduarda Aragão,362.***.***-90,,,Endereço inválido,Desconhecido,Desconhecido
Sr. Ian Barbosa,149.***.***-70,,,Endereço inválido,Desconhecido,Desconhecido
Ian Cardoso,731.***.***-78,,,Endereço inválido,Desconhecido,Desconhecido
Vitor Gabriel Ferreira,916.***.***-01,,,Endereço inválido,Desconhecido,Desconhecido
Rodrigo Melo,982.***.***-89,,,Endereço inválido,Desconhecido,Desconhecido
Anthony Rezende,831.***.***-66,,,Endereço inválido,Desconhecido,Desconhecido
Sra. Bianca Farias,783.***.***-26,,,Endereço inválido,Desconhecido,Desconhecido
João Carvalho,298.***.***-50,,,Endereço inválido,Desconhecido,Desconhecido
Benício Da Costa,783.***.***-07,,,Endereço inválido,Desconhecido,Desconhecido
Yuri Alves,896.***.***-03,,,Endereço inválido,Desconhecido,Desconhecido
Gabriela Da Rosa,210.***.***-31,,,Endereço inválido,Desconhecido,Desconhecido
Eduarda Da Conceição,238.***.***-00,,,Endereço inválido,Desconhecido,Desconhecido
Vicente Aragão,875.***.***-88,,,Endereço inválido,Desconhecido,Desconhecido
Srta. Sabrina Teixeira,682.***.***-89,,,Endereço inválido,Desconhecido,Desconhecido
Antônio Santos,198.***.***-03,,,Endereço inválido,Desconhecido,Desconhecido
Dr. Lucca Pinto,526.***.***-09,,,Endereço inválido,Desconhecido,Desconhecido
Emilly Vieira,924.***.***-33,,,Endereço inválido,Desconhecido,Desconhecido
Dr. Gabriel Da Mata,701.***.***-69,,,Endereço inválido,Desconhecido,Desconhecido
Emanuella Azevedo,406.***.***-01,,,Endereço inválido,Desconhecido,Desconhecido
Ana Julia Rocha,618.***.***-60,,,Endereço inválido,Desconhecido,Desconhecido
Milena Castro,482.***.***-82,,,Endereço inválido,Desconhecido,Desconhecido
Lavínia Peixoto,204.***.***-50,,,Endereço inválido,Desconhecido,Desconhecido
Enzo Gabriel Gomes,893.***.***-40,,,Endereço inválido,Desconhecido,Desconhecido
Laura Fogaça,196.***.***-80,,,Endereço inválido,Desconhecido,Desconhecido
Sr. Vitor Da Mata,062.***.***-78,,,Endereço inválido,Desconhecido,Desconhecido
Sophie Pinto,023.***.***-40,,,Endereço inválido,Desconhecido,Desconhecido
Sr. Kaique Peixoto,726.***.***-47,,,Endereço inválido,Desconhecido,Desconhecido
Luiz Henrique Mendes,248.***.***-76,,,Endereço inválido,Desconhecido,Desconhecido
Ana Beatriz Pereira,798.***.***-01,,,Endereço inválido,Desconhecido,Desconhecido
Sr. Rafael Silva,238.***.***-15,,,Endereço inválido,Desconhecido,Desconhecido
Dra. Olivia Mendes,189.***.***-05,,,Endereço inválido,Desconhecido,Desconhecido
Eduardo Sales,052.***.***-74,,,Endereço inválido,Desconhecido,Desconhecido
André Rodrigues,375.***.***-91,,,Endereço inválido,Desconhecido,Desconhecido
Sophia Cavalcanti,092.***.***-56,,,Endereço inválido,Desconhecido,Desconhecido
Carolina Sales,519.***.***-40,,,Endereço inválido,Desconhecido,Desconhecido
Lucas Monteiro,654.***.***-37,,,Endereço inválido,Desconhecido,Desconhecido
João Felipe Dias,850.***.***-42,,,Endereço inválido,Desconhecido,Desconhecido
Dr. Ian Fogaça,248.***.***-32,,,Endereço inválido,Desconhecido,Desconhecido
Lorena Barros,785.***.***-10,,,Endereço inválido,Desconhecido,Desconhecido
Sra. Ana Clara Teixeira,760.***.***-59,,,Endereço inválido,Desconhecido,Desconhecido
Natália Monteiro,481.***.***-60,,,Endereço inválido,Desconhecido,Desconhecido
Eduarda Duarte,893.***.***-30,,,Endereço inválido,Desconhecido,Desconhecido
Larissa Carvalho,632.***.***-37,,,Endereço inválido,Desconhecido,Desconhecido
Lara Moraes,549.***.***-09,,,Endereço inválido,Desconhecido,Desconhecido
Sophie Da Rosa,254.***.***-50,,,Endereço inválido,Desconhecido,Desconhecido
Olivia Martins,391.***.***-39,,,Endereço inválido,Desconhecido,Desconhecido
Thomas Barros,105.***.***-12,,,Endereço inválido,Desconhecido,Desconhecido
Davi Luiz Azevedo,478.***.***-31,,,Endereço inválido,Desconhecido,Desconhecido
Danilo Santos,297.***.***-55,,,Endereço inválido,Desconhecido,Desconhecido
Sr. Enzo Porto,496.***.***-67,,,Endereço inválido,Desconhecido,Desconhecido
Bianca Alves,304.***.***-57,,,Endereço inválido,Desconhecido,Desconhecido
Alexia Das Neves,267.***.***-00,,,Endereço inválido,Desconhecido,Desconhecido
Esther Campos,523.***.***-53,,,Endereço inválido,Desconhecido,Desconhecido
Ana Júlia Freitas,584.***.***-17,,,Endereço inválido,Desconhecido,Desconhecido
Maria Vitória Da Mata,826.***.***-76,,,Endereço inválido,Desconhecido,Desconhecido
Ryan Da Mata,172.***.***-80,,,Endereço inválido,Desconhecido,Desconhecido
Emilly Ribeiro,584.***.***-05,,,Endereço inválido,Desconhecido,Desconhecido
Bernardo Pinto,217.***.***-12,,,Endereço inválido,Desconhecido,Desconhecido
Nicole Peixoto,829.***.***-89,,,Endereço inválido,Desconhecido,Desconhecido
Isaac Da Conceição,867.***.***-85,,,Endereço inválido,Desconhecido,Desconhecido
Davi Lucca Santos,571.***.***-73,,,Endereço inválido,Desconhecido,Desconhecido
Paulo Lopes,186.***.***-11,,,Endereço inválido,Desconhecido,Desconhecido
Sophie Vieira,938.***.***-83,,,Endereço inválido,Desconhecido,Desconhecido
Rodrigo Da Cruz,648.***.***-11,,,Endereço inválido,Desconhecido,Desconhecido
Sr. Samuel Barbosa,903.***.***-23,,,Endereço inválido,Desconhecido,Desconhecido
Dr. Cauê Ramos,109.***.***-34,,,Endereço inválido,Desconhecido,Desconhecido
Bruno Jesus,354.***.***-42,,,Endereço inválido,Desconhecido,Desconhecido
Lívia Correia,843.***.***-65,,,Endereço inválido,Desconhecido,Desconhecido
Enrico Da Rocha,241.***.***-05,,,Endereço inválido,Desconhecido,Desconhecido
Rafaela Aragão,269.***.***-22,,,Endereço inválido,Desconhecido,Desconhecido
Larissa Lopes,015.***.***-12,,,Endereço inválido,Desconhecido,Desconhecido
Isadora Carvalho,917.***.***-13,,,Endereço inválido,Desconhecido,Desconhecido
Sr. Vitor Da Rocha,234.***.***-51,,,Endereço inválido,Desconhecido,Desconhecido
Isadora Pereira,501.***.***-06,,,Endereço inválido,Desconhecido,Desconhecido
Dr. Bernardo Da Cunha,147.***.***-79,,,Endereço inválido,Desconhecido,Desconhecido
Gabrielly Mendes,954.***.***-50,,,Endereço inválido,Desconhecido,Desconhecido
Sr. Bruno Da Mata,473.***.***-99,,,Endereço inválido,Desconhecido,Desconhecido
Breno Rocha,237.***.***-52,,,Endereço inválido,Desconhecido,Desconhecido
Luigi Ferreira,148.***.***-19,,,Endereço inválido,Desconhecido,Desconhecido
Davi Lucca Da Cruz,862.***.***-78,,,Endereço inválido,Desconhecido,Desconhecido
Henrique Almeida,824.***.***-31,,,Endereço inválido,Desconhecido,Desconhecido
Dr. Vitor Hugo Caldeira,943.***.***-42,,,Endereço inválido,Desconhecido,Desconhecido
Alexia Souza,348.***.***-48,,,Endereço inválido,Desconhecido,Desconhecido
Luiza Azevedo,683.***.***-92,,,Endereço inválido,Desconhecido,Desconhecido
Dr. Kaique Da Mota,143.***.***-60,,,Endereço inválido,Desconhecido,Desconhecido
Laura Lima,051.***.***-41,,,Endereço inválido,Desconhecido,Desconhecido
Raul Rodrigues,039.***.***-05,,,Endereço inválido,Desconhecido,Desconhecido
Joaquim Melo,305.***.***-21,,,Endereço inválido,Desconhecido,Desconhecido
Benjamin Cardoso,054.***.***-44,,,Endereço inválido,Desconhecido,Desconhecido
João Miguel Lopes,741.***.***-26,,,Endereço inválido,Desconhecido,Desconhecido
Letícia Da Mota,587.***.***-02,,,Endereço inválido,Desconhecido,Desconhecido
Levi Da Rocha,840.***.***-92,,,Endereço inválido,Desconhecido,Desconhecido
Lorena Caldeira,625.***.***-60,,,Endereço inválido,Desconhecido,Desconhecido
Cauê Nogueira,473.***.***-64,,,Endereço inválido,Desconhecido,Desconhecido
Sra. Yasmin Ferreira,805.***.***-68,,,Endereço inválido,Desconhecido,Desconhecido
Nicole Almeida,529.***.***-79,,,Endereço inválido,Desconhecido,Desconhecido
Breno Pereira,916.***.***-91,,,Endereço inválido,Desconhecido,Desconhecido
Clara Dias,190.***.***-50,,,Endereço inválido,Desconhecido,Desconhecido
Dra. Milena Vieira,237.***.***-87,,,Endereço inválido,Desconhecido,Desconhecido
Vitor Gabriel Porto,394.***.***-43,,,Endereço inválido,Desconhecido,Desconhecido
Sr. Erick Da Rosa,971.***.***-84,,,Endereço inválido,Desconhecido,Desconhecido
Marcos Vinicius Da Cunha,709.***.***-04,,,Endereço inválido,Desconhecido,Desconhecido
Sra. Nina Pires,651.***.***-26,,,Endereço inválido,Desconhecido,Desconhecido
Felipe Ribeiro,259.***.***-60,,,Endereço inválido,Desconhecido,Desconhecido
Maria Julia Porto,864.***.***-07,,,Endereço inválido,Desconhecido,Desconhecido
Pedro Cardoso,125.***.***-50,,,Endereço inválido,Desconhecido,Desconhecido
Enrico Gonçalves,637.***.***-46,,,Endereço inválido,Desconhecido,Desconhecido
Murilo Campos,031.***.***-22,,,Endereço inválido,Desconhecido,Desconhecido
Olivia Porto,608.***.***-65,,,Endereço inválido,Desconhecido,Desconhecido
Mirella Da Conceição,854.***.***-05,,,Endereço inválido,Desconhecido,Desconhecido
Stephany Cardoso,453.***.***-46,,,Endereço inválido,Desconhecido,Desconhecido
Dr. Gabriel Souza,432.***.***-52,,,Endereço inválido,Desconhecido,Desconhecido
Davi Jesus,914.***.***-70,,,Endereço inválido,Desconhecido,Desconhecido
Guilherme Freitas,517.***.***-07,,,Endereço inválido,Desconhecido,Desconhecido
Theo Costa,705.***.***-49,,,Endereço inválido,Desconhecido,Desconhecido
Dr. Gustavo Henrique Das Neves,430.***.***-00,,,Endereço inválido,Desconhecido,Desconhecido
Maria Luiza Gomes,821.***.***-53,,,Endereço inválido,Desconhecido,Desconhecido
Davi Lucas Peixoto,610.***.***-07,,,Endereço inválido,Desconhecido,Desconhecido
Bruna Almeida,610.***.***-57,,,Endereço inválido,Desconhecido,Desconhecido
Juliana Ramos,846.***.***-05,,,Endereço inválido,Desconhecido,Desconhecido
Sarah Nascimento,560.***.***-99,,,Endereço inválido,Desconhecido,Desconhecido
Brenda Da Luz,037.***.***-22,,,Endereço inválido,Desconhecido,Desconhecido
Heloísa Da Costa,648.***.***-19,,,Endereço inválido,Desconhecido,Desconhecido
Emanuella Araújo,758.***.***-82,,,Endereço inválido,Desconhecido,Desconhecido
Vitor Viana,036.***.***-34,,,Endereço inválido,Desconhecido,Desconhecido
Yago Lopes,720.***.***-59,,,Endereço inválido,Desconhecido,Desconhecido
Lívia Souza,308.***.***-50,,,Endereço inválido,Desconhecido,Desconhecido
Gabriela Cavalcanti,359.***.***-41,,,Endereço inválido,Desconhecido,Desconhecido
Enzo Nogueira,309.***.***-00,,,Endereço inválido,Desconhecido,Desconhecido
Dr. Ian Barbosa,412.***.***-03,,,Endereço inválido,Desconhecido,Desconhecido
Gabriela Rocha,348.***.***-35,,,Endereço inválido,Desconhecido,Desconhecido
Maria Julia Martins,576.***.***-12,,,Endereço inválido,Desconhecido,Desconhecido
Dra. Marina Santos,950.***.***-02,,,Endereço inválido,Desconhecido,Desconhecido
Heloísa Teixeira,635.***.***-07,,,Endereço inválido,Desconhecido,Desconhecido
Paulo Farias,593.***.***-15,,,Endereço inválido,Desconhecido,Desconhecido
Gabrielly Cardoso,127.***.***-43,,,Endereço inválido,Desconhecido,Desconhecido
Davi Aragão,598.***.***-20,,,Endereço inválido,Desconhecido,Desconhecido
Yago Peixoto,380.***.***-05,,,Endereço inválido,Desconhecido,Desconhecido
Erick Da Conceição,983.***.***-83,,,Endereço inválido,Desconhecido,Desconhecido
Isis Araújo,216.***.***-13,,,Endereço inválido,Desconhecido,Desconhecido
Dr. Nicolas Rezende,460.***.***-49,,,Endereço inválido,Desconhecido,Desconhecido
Sr. Samuel Nascimento,914.***.***-24,,,Endereço inválido,Desconhecido,Desconhecido
Sra. Maria Fernanda Barbosa,718.***.***-03,,,Endereço inválido,Desconhecido,Desconhecido
Luiz Felipe Farias,069.***.***-74,,,Endereço inválido,Desconhecido,Desconhecido
Sr. Calebe Silva,402.***.***-49,,,Endereço inválido,Desconhecido,Desconhecido
Emanuella Gonçalves,107.***.***-02,,,Endereço inválido,Desconhecido,Desconhecido
Augusto Oliveira,246.***.***-17,,,Endereço inválido,Desconhecido,Desconhecido
Pedro Azevedo,953.***.***-65,,,Endereço inválido,Desconhecido,Desconhecido
Sra. Maria Luiza Fogaça,650.***.***-06,,,Endereço inválido,Desconhecido,Desconhecido
Eduarda Oliveira,365.***.***-83,,,Endereço inválido,Desconhecido,Desconhecido
Paulo Ramos,490.***.***-43,,,Endereço inválido,Desconhecido,Desconhecido
Beatriz Pires,275.***.***-21,,,Endereço inválido,Desconhecido,Desconhecido
Fernando Azevedo,790.***.***-99,,,Endereço inválido,Desconhecido,Desconhecido
Eloah Silva,037.***.***-61,,,Endereço inválido,Desconhecido,Desconhecido
Caio Araújo,407.***.***-14,,,Endereço inválido,Desconhecido,Desconhecido
Sra. Valentina Sales,269.***.***-31,,,Endereço inválido,Desconhecido,Desconhecido
Melissa Cunha,719.***.***-73,,,Endereço inválido,Desconhecido,Desconhecido
Laís Da Paz,139.***.***-33,,,Endereço inválido,Desconhecido,Desconhecido
Heitor Silveira,183.***.***-89,,,Endereço inválido,Desconhecido,Desconhecido
Fernanda Moraes,064.***.***-44,,,Endereço inválido,Desconhecido,Desconhecido
Alana Souza,801.***.***-42,,,Endereço inválido,Desconhecido,Desconhecido
Srta. Caroline Da Rosa,192.***.***-98,,,Endereço inválido,Desconhecido,Desconhecido
Stephany Vieira,682.***.***-22,,,Endereço inválido,Desconhecido,Desconhecido
Enzo Barros,794.***.***-16,,,Endereço inválido,Desconhecido,Desconhecido
Caroline Peixoto,036.***.***-30,,,Endereço inválido,Desconhecido,Desconhecido
Maria Vitória Novaes,804.***.***-58,,,Endereço inválido,Desconhecido,Desconhecido
Bruna Moura,240.***.***-06,,,Endereço inválido,Desconhecido,Desconhecido
Maitê Peixoto,501.***.***-58,,,Endereço inválido,Desconhecido,Desconhecido
Dr. Anthony Barbosa,749.***.***-20,,,Endereço inválido,Desconhecido,Desconhecido
Alexandre Jesus,269.***.***-34,,,Endereço inválido,Desconhecido,Desconhecido
Marcos Vinicius Campos,421.***.***-22,,,Endereço inválido,Desconhecido,Desconhecido
Rebeca Da Rosa,640.***.***-22,,,Endereço inválido,Desconhecido,Desconhecido
Henrique Monteiro,378.***.***-73,,,Endereço inválido,Desconhecido,Desconhecido
Luigi Da Rosa,316.***.***-87,,,Endereço inválido,Desconhecido,Desconhecido
Melissa Dias,170.***.***-05,,,Endereço inválido,Desconhecido,Desconhecido
Igor Ramos,695.***.***-77,,,Endereço inválido,Desconhecido,Desconhecido
Alice Cardoso,123.***.***-09,,,Endereço inválido,Desconhecido,Desconhecido
Breno Freitas,205.***.***-41,,,Endereço inválido,Desconhecido,Desconhecido
Ana Lívia Da Paz,347.***.***-69,,,Endereço inválido,Desconhecido,Desconhecido
Sr. Daniel Cavalcanti,609.***.***-33,,,Endereço inválido,Desconhecido,Desconhecido
Sr. Pedro Cavalcanti,863.***.***-84,,,Endereço inválido,Desconhecido,Desconhecido
Nome Inválido,930.***.***-38,,,Endereço inválido,Desconhecido,Desconhecido
Nome Inválido,146.***.***-00,,,Endereço inválido,Desconhecido,Desconhecido
Renan Da Luz,294.***.***-23,,,Endereço inválido,Desconhecido,Desconhecido
Caroline Costa,401.***.***-88,,,Endereço inválido,Desconhecido,Desconhecido
Giovanna Farias,241.***.***-35,,,Endereço inválido,Desconhecido,Desconhecido
Maitê Araújo,496.***.***-55,,,Endereço inválido,Desconhecido,Desconhecido
Lavínia Da Mota,039.***.***-00,,,Endereço inválido,Desconhecido,Desconhecido
Igor Cardoso,345.***.***-05,,,Endereço inválido,Desconhecido,Desconhecido
Maria Julia Campos,018.***.***-13,,,Endereço inválido,Desconhecido,Desconhecido
Marcos Vinicius Das Neves,617.***.***-02,,,Endereço inválido,Desconhecido,Desconhecido
Isabel Barbosa,986.***.***-02,,,Endereço inválido,Desconhecido,Desconhecido
Ryan Gomes,861.***.***-60,,,Endereço inválido,Desconhecido,Desconhecido
Breno Duarte,463.***.***-98,,,Endereço inválido,Desconhecido,Desconhecido
Eloah Peixoto,064.***.***-16,,,Endereço inválido,Desconhecido,Desconhecido
Luiza Sales,726.***.***-80,,,Endereço inválido,Desconhecido,Desconhecido
Dr. Alexandre Sales,427.***.***-40,,,Endereço inválido,Desconhecido,Desconhecido
Alícia Campos,162.***.***-94,,,Endereço inválido,Desconhecido,Desconhecido
Luigi Porto,826.***.***-83,,,Endereço inválido,Desconhecido,Desconhecido
